WS_[m/s]	RotSpeed_[rpm]	Pitch_[deg]	AeroThurst_[kN]	AeroTorque_[kNm]	AeroPower_[kW]	AeroCP_[-]	AeroCT_[-]	AeroCQ_[-]	AeroFlap_[kNm]	AeroEdge_[kNm]
8.0	7.863999999999999	0.0	1088.0489503441902	6327.774072824383	5211.024169484828	0.4968668268827116	0.8299565104554548	0.04678205413096114	23566.221406537155	138003.78922974068
